<?xml version="1.0" standalone="yes"?>
<departure abbreviation="YXU" name="London International Airport" date="2020-01-09" time="15:00:00" last-updated="">
  <flight airline="Air Canada">
    <flight-number>8646</flight-number>
    <departing-to>Toronto</departing-to>
    <scheduled-time>12:05</scheduled-time>
    <actual-time>12:16</actual-time>
    <status>Departed</status>
  </flight>
  <flight airline="Swoop">
    <flight-number>221</flight-number>
    <departing-to>Abbotsford</departing-to>
    <scheduled-time>12:25</scheduled-time>
    <actual-time>12:22</actual-time>
    <status>Departed</status>
  </flight>
  <flight airline="Air Canada">
    <flight-number>8660</flight-number>
    <departing-to>Ottawa</departing-to>
    <scheduled-time>14:15</scheduled-time>
    <actual-time>14:18</actual-time>
    <status>Departed</status>
  </flight>
  <flight airline="Air Canada">
    <flight-number>8652</flight-number>
    <departing-to>Toronto</departing-to>
    <scheduled-time>14:55</scheduled-time>
    <actual-time>15:05</actual-time>
    <status>Delayed</status>
  </flight>
  <flight airline="Swoop">
    <flight-number>682</flight-number>
    <departing-to>Cancun</departing-to>
    <scheduled-time>15:20</scheduled-time>
    <actual-time>15:45</actual-time>
    <status>Delayed</status>
  </flight>
  <flight airline="Air Canada">
    <flight-number>8664</flight-number>
    <departing-to>Montreal</departing-to>
    <scheduled-time>15:40</scheduled-time>
    <actual-time>15:40</actual-time>
    <status>On Time</status>
  </flight>
  <flight airline="Air Transat">
    <flight-number>814</flight-number>
    <departing-to>Puerto Plata</departing-to>
    <scheduled-time>16:20</scheduled-time>
    <actual-time>16:20</actual-time>
    <status>On Time</status>
  </flight>
  <flight airline="Air Canada">
    <flight-number>8654</flight-number>
    <departing-to>Toronto</departing-to>
    <scheduled-time>18:00</scheduled-time>
    <actual-time>18:00</actual-time>
    <status>On Time</status>
  </flight>
  <flight airline="West Jet">
    <flight-number>3508</flight-number>
    <departing-to>Toronto</departing-to>
    <scheduled-time>18:30</scheduled-time>
    <actual-time>18:30</actual-time>
    <status>On Time</status>
  </flight>
  <flight airline="Sunwing">
    <flight-number>375</flight-number>
    <departing-to>Sault Ste Marie</departing-to>
    <scheduled-time>19:00</scheduled-time>
    <actual-time>19:00</actual-time>
    <status>On Time</status>
  </flight>
</departure>