<airport name="London International Airport" abbreviation="YXU" date="2020-01-09" time="15:00:00">
    <!-- An invalid Airline value for an Arrival -->
    <flight type="arrival">
			<airline>EVA Air</airline>
			<flight-number>8659</flight-number>
			<arrival-from>Ottawa</arrival-from>
			<scheduled-time>13:50</scheduled-time>
			<actual-time>13:57</actual-time>
			<status>Arrived</status>
		</flight>
    <!-- An invalid Arriving From value for an Arrival -->
    <flight type="arrival">
      <airline>Swoop</airline>
			<flight-number>683</flight-number>
			<arrival-from>London</arrival-from>
			<scheduled-time>14:23</scheduled-time>
			<actual-time>14:51</actual-time>
			<status>Arrived</status>
    </flight>
    <!-- An invalid Status value for an Arrival -->
    <flight type="arrival">
			<airline>Air Canada</airline>
			<flight-number>8649</flight-number>
			<arrival-from>Toronto</arrival-from>
			<scheduled-time>14:31</scheduled-time>
			<actual-time>14:30</actual-time>
			<status>Flying into space</status>
		</flight>
    <!-- An invalid undefined element -->
    <flight type="arrival">
			<airline>Air Canada</airline>
			<flight-number>8665</flight-number>
			<arrival-from>Montreal</arrival-from>
			<scheduled-time>15:08</scheduled-time>
			<actual-time>15:00</actual-time>
			<status>Early</status>
      <plane-colour>Grey</plane-colour>
		</flight>
    <!-- An invalid attribute -->
    <flight type="arrival" weather="sunny">
			<airline>Air Transat</airline>
			<flight-number>847</flight-number>
			<arrival-from>Cancun</arrival-from>
			<scheduled-time>15:10</scheduled-time>
			<actual-time>15:10</actual-time>
			<status>On Time</status>
		</flight>
		<flight type="arrival">
			<airline>Air Canada</airline>
			<flight-number>8651</flight-number>
			<arrival-from>Toronto</arrival-from>
			<scheduled-time>17:36</scheduled-time>
			<actual-time>17:36</actual-time>
			<status>On Time</status>
		</flight>
		<flight type="arrival">
			<airline>West Jet</airline>
			<flight-number>3511</flight-number>
			<arrival-from>Toronto</arrival-from>
			<scheduled-time>17:58</scheduled-time>
			<actual-time>17:58</actual-time>
			<status>On Time</status>
		</flight>
		<flight type="arrival">
			<airline>Sunwing</airline>
			<flight-number>375</flight-number>
			<arrival-from>Varadero</arrival-from>
			<scheduled-time>18:10</scheduled-time>
			<actual-time>18:10</actual-time>
			<status>On Time</status>
		</flight>
		<flight type="arrival">
			<airline>Air Canada</airline>
			<flight-number>8599</flight-number>
			<arrival-from>Toronto</arrival-from>
			<scheduled-time>18:41</scheduled-time>
			<actual-time>18:41</actual-time>
			<status>On Time</status>
		</flight>
		<flight type="arrival">
			<airline>Swoop</airline>
			<flight-number>833</flight-number>
			<arrival-from>Las Vegas</arrival-from>
			<scheduled-time>19:37</scheduled-time>
			<actual-time>19:33</actual-time>
			<status>On Time</status>
		</flight>
    <flight type="arrival">
      <airline>Air Transat</airline>
      <flight-number>430</flight-number>
      <departing-to>Cancun</departing-to>
      <scheduled-time>19:50</scheduled-time>
      <actual-time>19:50</actual-time>
      <status>On Time</status>
    </flight>
    <flight type="arrival">
      <airline>Air Canada</airline>
      <flight-number>8540</flight-number>
      <departing-to>Ottawa</departing-to>
      <scheduled-time>23:35</scheduled-time>
      <actual-time>23:35</actual-time>
      <status>On Time</status>
    </flight>
    <!-- An invalid Departing To value for a Departure -->
    <flight type="departure">
      <airline>Air Canada</airline>
      <flight-number>8646</flight-number>
      <departing-to>Bangkok</departing-to>
      <scheduled-time>12:05</scheduled-time>
      <actual-time>12:16</actual-time>
      <status>Departed</status>
    </flight>
    <!-- An invalid Flight value for a Departure -->
    <flight type="departure">
      <airline>Swoop</airline>
      <flight-number>101010</flight-number>
      <departing-to>Abbotsford</departing-to>
      <scheduled-time>12:25</scheduled-time>
      <actual-time>12:22</actual-time>
      <status>Departed</status>
    </flight>
    <!-- An invalid Actual Time value for a Departure -->
    <flight type="departure">
      <airline>Air Canada</airline>
      <flight-number>8660</flight-number>
      <departing-to>Ottawa</departing-to>
      <scheduled-time>14:15</scheduled-time>
      <actual-time>300000</actual-time>
      <status>Departed</status>
    </flight>
    <flight type="departure">
      <airline>Air Transat</airline>
      <flight-number>814</flight-number>
      <departing-to>Puerto Plata</departing-to>
      <scheduled-time>16:20</scheduled-time>
      <actual-time>16:20</actual-time>
      <status>On Time</status>
    </flight>
    <flight type="departure">
      <airline>Air Canada</airline>
      <flight-number>8654</flight-number>
      <departing-to>Toronto</departing-to>
      <scheduled-time>18:00</scheduled-time>
      <actual-time>18:00</actual-time>
      <status>On Time</status>
    </flight>
    <flight type="departure">
      <airline>West xJet</airline>
      <flight-number>3508</flight-number>
      <departing-to>Toronto</departing-to>
      <scheduled-time>18:30</scheduled-time>
      <actual-time>18:30</actual-time>
      <status>On Time</status>
    </flight>
   <flight type="departure">
      <airline>Sunwing</airline>
      <flight-number>375</flight-number>
      <departing-to>Sault Ste Marie</departing-to>
      <scheduled-time>19:00</scheduled-time>
      <actual-time>19:00</actual-time>
      <status>On Time</status>
    </flight>
</airport>